Size,Ciura
16,0.0012814
32,0.0022056
64,0.0048772
128,0.0110547
256,0.0263203
512,0.0621421
1024,0.1388977
2048,0.3112254
4096,0.6959211
8192,1.5343354
16384,3.3713311
32768,7.3472808
65536,15.954227
131072,34.4512065
262144,74.0876193
524288,158.5473119
