Size, Average Time (ms)
16,0.0014663
32,0.0020493
64,0.0049714
128,0.0117745
256,0.028128
512,0.0663829
1024,0.1529481
2048,0.3545775
4096,0.7936561
8192,1.7767477
16384,3.9424874
32768,8.805074
65536,19.5650727
131072,43.5187311
262144,96.7427961
524288,215.4725369
