Size,Pratt
16,0.0012753
32,0.0025193
64,0.0062076
128,0.0154679
256,0.0398957
512,0.092869
1024,0.2215827
2048,0.5155459
4096,1.2001479
8192,2.7683239
16384,6.3018387
32768,14.3704275
65536,35.5005323
131072,98.9187952
262144,183.7992818
524288,405.395817
