Size,Sedgewick
16,0.0013436
32,0.0017532
64,0.0041142
128,0.0100665
256,0.0237909
512,0.0555222
1024,0.1252051
2048,0.2847831
4096,0.6394007
8192,1.3974945
16384,6.0334707
32768,6.6724068
65536,17.4565202
131072,33.9850618
262144,72.6107917
524288,174.1389851
